1,0830o,0900o,0930o,1000o,1030a,1100a,1130a,1200a,1230a,1300a,1330a,1400a,1430a,1500a,1530a
2,0830o,0900a,0930a,1000a,1030a,1100a,1130a,1200a,1230a,1300a,1330a,1400a,1430a,1500a,1530a
3,0830o,0900o,0930a,1000a,1030a,1100a,1130a,1200a,1230a,1300a,1330a,1400a,1430a,1500a,1530a
4,0830o,0900a,0930a,1000a,1030a,1100a,1130a,1200a,1230a,1300a,1330a,1400a,1430a,1500a,1530a
5,0830a,0900a,0930a,1000a,1030a,1100a,1130a,1200a,1230a,1300a,1330a,1400a,1430a,1500a,1530o
6,0830a,0900a,0930a,1000a,1030a,1100a,1130a,1200a,1230a,1300a,1330a,1400a,1430a,1500a,1530a
7,0830a,0900a,0930a,1000a,1030a,1100a,1130a,1200a,1230a,1300a,1330a,1400a,1430a,1500a,1530a
8,0830o,0900a,0930a,1000a,1030a,1100a,1130a,1200a,1230a,1300a,1330a,1400a,1430a,1500a,1530a
9,0830o,0900a,0930a,1000a,1030a,1100a,1130a,1200a,1230a,1300a,1330a,1400a,1430a,1500a,1530a
10,0830o,0900a,0930a,1000a,1030a,1100a,1130a,1200a,1230a,1300a,1330a,1400a,1430a,1500a,1530a
11,0830o,0900a,0930a,1000a,1030a,1100a,1130a,1200a,1230a,1300a,1330a,1400a,1430a,1500a,1530a
12,0830o6,0900a,0930a,1000a,1030a,1100a,1130a,1200a,1230a,1300a,1330a,1400a,1430a,1500a,1530a
13,0830o4,0900a,0930a,1000a,1030a,1100a,1130a,1200a,1230a,1300a,1330a,1400a,1430a,1500a,1530a
14,0830o5,0900a,0930a,1000a,1030a,1100a,1130a,1200a,1230a,1300a,1330a,1400a,1430a,1500a,1530a
15,0830a,0900a,0930a,1000a,1030a,1100a,1130a,1200a,1230a,1300a,1330a,1400a,1430a,1500a,1530a
16,0830o,0900a,0930a,1000a,1030a,1100a,1130a,1200a,1230a,1300a,1330a,1400a,1430a,1500a,1530a
17,0830o,0900a,0930a,1000a,1030a,1100a,1130a,1200a,1230a,1300a,1330a,1400a,1430a,1500a,1530a
18,0830a,0900a,0930a,1000a,1030a,1100a,1130a,1200a,1230a,1300a,1330a,1400a,1430a,1500a,1530a
19,0830a,0900a,0930a,1000a,1030a,1100a,1130a,1200a,1230a,1300a,1330a,1400a,1430a,1500a,1530a
20,0830a,0900a,0930a,1000a,1030a,1100a,1130a,1200a,1230a,1300a,1330a,1400a,1430a,1500a,1530a
21,0830a,0900a,0930a,1000a,1030a,1100a,1130a,1200a,1230a,1300a,1330a,1400a,1430a,1500a,1530a
22,0830a,0900a,0930a,1000a,1030a,1100a,1130a,1200a,1230a,1300a,1330a,1400a,1430a,1500a,1530a
23,0830a,0900a,0930a,1000a,1030a,1100a,1130a,1200a,1230a,1300a,1330a,1400a,1430a,1500a,1530a
24,0830a,0900a,0930a,1000a,1030a,1100a,1130a,1200a,1230a,1300a,1330a,1400a,1430a,1500a,1530a
25,0830a,0900a,0930a,1000a,1030a,1100a,1130a,1200a,1230a,1300a,1330a,1400a,1430a,1500a,1530a
26,0830a,0900a,0930a,1000a,1030a,1100a,1130a,1200a,1230a,1300a,1330a,1400a,1430a,1500a,1530a
27,0830a,0900a,0930a,1000a,1030a,1100a,1130a,1200a,1230a,1300a,1330a,1400a,1430a,1500a,1530a
28,0830a,0900a,0930a,1000a,1030a,1100a,1130a,1200a,1230a,1300a,1330a,1400a,1430a,1500a,1530a
29,0830a,0900a,0930a,1000a,1030a,1100a,1130a,1200a,1230a,1300a,1330a,1400a,1430a,1500a,1530a
30,0830o,0900a,0930a,1000a,1030a,1100a,1130a,1200a,1230a,1300a,1330a,1400a,1430a,1500a,1530a
31,0830o3,0900a,0930a,1000a,1030a,1100a,1130a,1200a,1230a,1300a,1330a,1400a,1430a,1500a,1530a
32,0830o10,0900a,0930a,1000a,1030a,1100a,1130a,1200a,1230a,1300a,1330a,1400a,1430a,1500a,1530a
33,0830o3,0900a,0930a,1000a,1030a,1100a,1130a,1200a,1230a,1300a,1330a,1400a,1430a,1500a,1530a
34,0830o13,0900a,0930a,1000a,1030a,1100a,1130a,1200a,1230a,1300a,1330a,1400a,1430a,1500a,1530a
35,0830a,0900a,0930a,1000a,1030a,1100a,1130a,1200a,1230a,1300a,1330a,1400a,1430a,1500a,1530a
36,0830a,0900a,0930a,1000a,1030a,1100a,1130a,1200a,1230a,1300a,1330a,1400a,1430a,1500a,1530a
37,0830a,0900a,0930a,1000a,1030a,1100a,1130a,1200a,1230a,1300a,1330a,1400a,1430a,1500a,1530a
38,0830a,0900a,0930a,1000a,1030a,1100a,1130a,1200a,1230a,1300a,1330a,1400a,1430a,1500a,1530a
39,0830a,0900a,0930a,1000a,1030a,1100a,1130a,1200a,1230a,1300a,1330a,1400a,1430a,1500a,1530a
40,0830a,0900a,0930a,1000a,1030a,1100a,1130a,1200a,1230a,1300a,1330a,1400a,1430a,1500a,1530a
41,0830a,0900a,0930a,1000a,1030a,1100a,1130a,1200a,1230a,1300a,1330a,1400a,1430a,1500a,1530a
42,0830a,0900a,0930a,1000a,1030a,1100a,1130a,1200a,1230a,1300a,1330a,1400a,1430a,1500a,1530a
43,0830a,0900a,0930a,1000a,1030a,1100a,1130a,1200a,1230a,1300a,1330a,1400a,1430a,1500a,1530a
44,0830a,0900a,0930a,1000a,1030a,1100a,1130a,1200a,1230a,1300a,1330a,1400a,1430a,1500a,1530a
45,0830o,0900a,0930a,1000a,1030a,1100a,1130a,1200a,1230a,1300a,1330a,1400a,1430a,1500a,1530a
46,0830a,0900a,0930a,1000a,1030a,1100a,1130a,1200a,1230a,1300a,1330a,1400a,1430a,1500a,1530a
47,0830a,0900a,0930a,1000a,1030a,1100a,1130a,1200a,1230a,1300a,1330a,1400a,1430a,1500a,1530a
48,0830a,0900a,0930a,1000a,1030a,1100a,1130a,1200a,1230a,1300a,1330a,1400a,1430a,1500a,1530a
49,0830a,0900a,0930a,1000a,1030a,1100a,1130a,1200a,1230a,1300a,1330a,1400a,1430a,1500a,1530a
50,0830a,0900a,0930a,1000a,1030a,1100a,1130a,1200a,1230a,1300a,1330a,1400a,1430a,1500a,1530a
51,0830a,0900a,0930a,1000a,1030a,1100a,1130a,1200a,1230a,1300a,1330a,1400a,1430a,1500a,1530a
52,0830a,0900a,0930a,1000a,1030a,1100a,1130a,1200a,1230a,1300a,1330a,1400a,1430a,1500a,1530a
53,0830a,0900a,0930a,1000a,1030a,1100a,1130a,1200a,1230a,1300a,1330a,1400a,1430a,1500a,1530a
54,0830a,0900a,0930a,1000a,1030a,1100a,1130a,1200a,1230a,1300a,1330a,1400a,1430a,1500a,1530a
55,0830a,0900a,0930a,1000a,1030a,1100a,1130a,1200a,1230a,1300a,1330a,1400a,1430a,1500a,1530a
56,0830a,0900a,0930a,1000a,1030a,1100a,1130a,1200a,1230a,1300a,1330a,1400a,1430a,1500a,1530a
57,0830a,0900a,0930a,1000a,1030a,1100a,1130a,1200a,1230a,1300a,1330a,1400a,1430a,1500a,1530a
58,0830a,0900a,0930a,1000a,1030a,1100a,1130a,1200a,1230a,1300a,1330a,1400a,1430a,1500a,1530a
59,0830a,0900a,0930a,1000a,1030a,1100a,1130a,1200a,1230a,1300a,1330a,1400a,1430a,1500a,1530a
60,0830a,0900a,0930a,1000o13,1030a,1100a,1130a,1200a,1230a,1300a,1330a,1400a,1430a,1500a,1530a
